,RAW_VALUE,RAW_VALUE,RAW_VALUE,RAW_VALUE,RAW_VALUE,RAW_VALUE,RAW_VALUE,RAW_VALUE,RAW_VALUE,RAW_VALUE,RAW_VALUE,RAW_VALUE
Month,1,2,3,4,5,6,7,8,9,10,11,12
STATION_NAME,,,,,,,,,,,,
Fort St John North Camp B_Amb,114.30110280855506,112.818129375,104.41022487186652,88.90495866284067,59.18655813389334,49.12373436657041,80.32093848581366,76.0064598462396,,,,
Fort St John North Camp C,,,,,,,,76.09375031790141,101.85446613616406,79.58977144864083,117.36478547887333,118.83500768468434
Kelowna College,0.28845317557251887,0.27843908571428455,0.26077106475903555,0.2172574603399425,0.18253363844086076,0.1571856433691753,0.21873510115606914,0.3769346671309182,0.29498708064516244,0.24432535465924954,0.2663222623456804,0.24247663150492188
Victoria Topaz,0.33979028873239475,0.27857054813664806,0.21888849858357037,0.19245713157894676,0.1940652183098591,0.1554035365497074,0.14640765028089897,0.19638835492957832,0.2509045299270071,0.28270531311706826,0.2499946366279066,0.3222140395480228
