,RAW_VALUE,RAW_VALUE
Year,2017,2018
STATION_NAME,,
Fort St John North Camp B_Amb,80.59807406291002,
Fort St John North Camp C,100.6855108285434,
Kelowna College,0.2479788719592646,0.29308
Victoria Topaz,0.23557562714097918,0.197408
