,RAW_VALUE,RAW_VALUE,RAW_VALUE,RAW_VALUE,RAW_VALUE,RAW_VALUE,RAW_VALUE,RAW_VALUE,RAW_VALUE,RAW_VALUE,RAW_VALUE,RAW_VALUE
Month,1,2,3,4,5,6,7,8,9,10,11,12
STATION_NAME,,,,,,,,,,,,
Bessborough 237 Road,0.6215958481876286,0.5725351953125005,0.3297285500000011,0.29537594744525814,0.19843592776204086,0.11847404978165992,0.11919191260744942,0.17282615239436697,0.10011546379562072,0.1421407862275455,0.09096118008784757,0.1363427499294791
Pine River Gas Plant,0.5692104587887299,0.23399381712130746,0.2221089272650773,0.09313174433997096,0.10208390599321081,0.16880476550951704,0.09828202940295362,0.1385340439511956,0.2557998604651156,0.21640172855133674,0.32539086153846064,0.2174666960346419
Pine River Hasler,1.3329761813778058,0.40559563703115487,0.3413290593356748,0.383087680966618,0.6650938426050761,0.5229935392474541,0.45631386102691585,0.5749976093615179,1.1028617485465122,0.7199674528832626,0.4343915330276977,0.3620988001072931
